"LOCATION","INDICATOR","SUBJECT","MEASURE","FREQUENCY","TIME","Value","Flag Codes"
"AUS","HOUSECOST","NOMINAL","IDX2015","A","2000",33.595867770832,
"AUS","HOUSECOST","NOMINAL","IDX2015","A","2001",37.3687292014822,
"AUS","HOUSECOST","NOMINAL","IDX2015","A","2002",44.3726470145656,
"AUS","HOUSECOST","NOMINAL","IDX2015","A","2003",52.3758635705696,
"AUS","HOUSECOST","NOMINAL","IDX2015","A","2004",55.6468976369558,
"AUS","HOUSECOST","NOMINAL","IDX2015","A","2005",56.6647093420831,
"AUS","HOUSECOST","NOMINAL","IDX2015","A","2006",60.5793697475724,
"AUS","HOUSECOST","NOMINAL","IDX2015","A","2007",66.96026620337,
"AUS","HOUSECOST","NOMINAL","IDX2015","A","2008",69.6026619787003,
"AUS","HOUSECOST","NOMINAL","IDX2015","A","2009",72.4212174665526,
"AUS","HOUSECOST","NOMINAL","IDX2015","A","2010",80.8768839401096,
"AUS","HOUSECOST","NOMINAL","IDX2015","A","2011",79.1348600623918,
"AUS","HOUSECOST","NOMINAL","IDX2015","A","2012",78.88040713486,
"AUS","HOUSECOST","NOMINAL","IDX2015","A","2013",84.1064787705133,
"AUS","HOUSECOST","NOMINAL","IDX2015","A","2014",91.720493258965,
"AUS","HOUSECOST","NOMINAL","IDX2015","A","2015",100,
"AUS","HOUSECOST","NOMINAL","IDX2015","A","2016",105.500097863188,
"AUS","HOUSECOST","NOMINAL","IDX2015","A","2017",114.308083789289,
"AUS","HOUSECOST","NOMINAL","IDX2015","A","2018",112.663926414083,
"AUS","HOUSECOST","NOMINAL","IDX2015","A","2019",108.083773764124,
"AUT","HOUSECOST","NOMINAL","IDX2015","A","2000",58.5838607572212,
"AUT","HOUSECOST","NOMINAL","IDX2015","A","2001",59.0818235759494,
"AUT","HOUSECOST","NOMINAL","IDX2015","A","2002",59.4186807753165,
"AUT","HOUSECOST","NOMINAL","IDX2015","A","2003",59.579786392405,
"AUT","HOUSECOST","NOMINAL","IDX2015","A","2004",58.4374011075949,
"AUT","HOUSECOST","NOMINAL","IDX2015","A","2005",61.3519481803797,
"AUT","HOUSECOST","NOMINAL","IDX2015","A","2006",63.871054193038,
"AUT","HOUSECOST","NOMINAL","IDX2015","A","2007",66.8588310917721,
"AUT","HOUSECOST","NOMINAL","IDX2015","A","2008",67.576483386076,
"AUT","HOUSECOST","NOMINAL","IDX2015","A","2009",70.2127571202531,
"AUT","HOUSECOST","NOMINAL","IDX2015","A","2010",76.7975,
"AUT","HOUSECOST","NOMINAL","IDX2015","A","2011",81.5975,
"AUT","HOUSECOST","NOMINAL","IDX2015","A","2012",87.57,
"AUT","HOUSECOST","NOMINAL","IDX2015","A","2013",92.1,
"AUT","HOUSECOST","NOMINAL","IDX2015","A","2014",95.33,
"AUT","HOUSECOST","NOMINAL","IDX2015","A","2015",100,
"AUT","HOUSECOST","NOMINAL","IDX2015","A","2016",108.5325,
"AUT","HOUSECOST","NOMINAL","IDX2015","A","2017",114.2588,
"AUT","HOUSECOST","NOMINAL","IDX2015","A","2018",119.64,
"AUT","HOUSECOST","NOMINAL","IDX2015","A","2019",126.59999999694,
"BEL","HOUSECOST","NOMINAL","IDX2015","A","2000",50.1144357638266,
"BEL","HOUSECOST","NOMINAL","IDX2015","A","2001",52.5419853299417,
"BEL","HOUSECOST","NOMINAL","IDX2015","A","2002",55.9050385372971,
"BEL","HOUSECOST","NOMINAL","IDX2015","A","2003",59.7605584364211,
"BEL","HOUSECOST","NOMINAL","IDX2015","A","2004",64.9525121087456,
"BEL","HOUSECOST","NOMINAL","IDX2015","A","2005",72.5361832041196,
"BEL","HOUSECOST","NOMINAL","IDX2015","A","2006",79.6153750980577,
"BEL","HOUSECOST","NOMINAL","IDX2015","A","2007",85.8185760371272,
"BEL","HOUSECOST","NOMINAL","IDX2015","A","2008",89.6052178815592,
"BEL","HOUSECOST","NOMINAL","IDX2015","A","2009",89.1830343041225,
"BEL","HOUSECOST","NOMINAL","IDX2015","A","2010",91.9777099212033,
"BEL","HOUSECOST","NOMINAL","IDX2015","A","2011",95.6758325156486,
"BEL","HOUSECOST","NOMINAL","IDX2015","A","2012",97.8135192328279,
"BEL","HOUSECOST","NOMINAL","IDX2015","A","2013",98.9619326726557,
"BEL","HOUSECOST","NOMINAL","IDX2015","A","2014",98.4170000052374,
"BEL","HOUSECOST","NOMINAL","IDX2015","A","2015",100,
"BEL","HOUSECOST","NOMINAL","IDX2015","A","2016",102.640656934604,
"BEL","HOUSECOST","NOMINAL","IDX2015","A","2017",106.373012009044,
"BEL","HOUSECOST","NOMINAL","IDX2015","A","2018",109.415295958587,
"BEL","HOUSECOST","NOMINAL","IDX2015","A","2019",113.780903482821,
"CAN","HOUSECOST","NOMINAL","IDX2015","A","2000",40.0674256447637,
"CAN","HOUSECOST","NOMINAL","IDX2015","A","2001",41.961673844029,
"CAN","HOUSECOST","NOMINAL","IDX2015","A","2002",45.3439858818564,
"CAN","HOUSECOST","NOMINAL","IDX2015","A","2003",49.1252889327949,
"CAN","HOUSECOST","NOMINAL","IDX2015","A","2004",53.1588387059647,
"CAN","HOUSECOST","NOMINAL","IDX2015","A","2005",57.4072297938865,
"CAN","HOUSECOST","NOMINAL","IDX2015","A","2006",64.1224595494087,
"CAN","HOUSECOST","NOMINAL","IDX2015","A","2007",71.5320871258261,
"CAN","HOUSECOST","NOMINAL","IDX2015","A","2008",75.4371157553492,
"CAN","HOUSECOST","NOMINAL","IDX2015","A","2009",73.3337809194056,
"CAN","HOUSECOST","NOMINAL","IDX2015","A","2010",79.8629427505443,
"CAN","HOUSECOST","NOMINAL","IDX2015","A","2011",83.829354612854,
"CAN","HOUSECOST","NOMINAL","IDX2015","A","2012",87.8643430555421,
"CAN","HOUSECOST","NOMINAL","IDX2015","A","2013",90.1249724255009,
"CAN","HOUSECOST","NOMINAL","IDX2015","A","2014",94.8840911924653,
"CAN","HOUSECOST","NOMINAL","IDX2015","A","2015",100,
"CAN","HOUSECOST","NOMINAL","IDX2015","A","2016",109.947920163433,
"CAN","HOUSECOST","NOMINAL","IDX2015","A","2017",123.258970104447,
"CAN","HOUSECOST","NOMINAL","IDX2015","A","2018",128.243000872793,
"CAN","HOUSECOST","NOMINAL","IDX2015","A","2019",129.74401274167,
"CZE","HOUSECOST","NOMINAL","IDX2015","A","2008",100.800000001019,
"CZE","HOUSECOST","NOMINAL","IDX2015","A","2009",96.925,
"CZE","HOUSECOST","NOMINAL","IDX2015","A","2010",95.2249999999999,
"CZE","HOUSECOST","NOMINAL","IDX2015","A","2011",95.2499999999999,
"CZE","HOUSECOST","NOMINAL","IDX2015","A","2012",93.8499999999999,
"CZE","HOUSECOST","NOMINAL","IDX2015","A","2013",93.8749999999999,
"CZE","HOUSECOST","NOMINAL","IDX2015","A","2014",96.1749999999999,
"CZE","HOUSECOST","NOMINAL","IDX2015","A","2015",100,
"CZE","HOUSECOST","NOMINAL","IDX2015","A","2016",107.15,
"CZE","HOUSECOST","NOMINAL","IDX2015","A","2017",119.7,
"CZE","HOUSECOST","NOMINAL","IDX2015","A","2018",130,
"CZE","HOUSECOST","NOMINAL","IDX2015","A","2019",141.900000000263,
"DNK","HOUSECOST","NOMINAL","IDX2015","A","2000",56.7421532364597,
"DNK","HOUSECOST","NOMINAL","IDX2015","A","2001",60.057929326288,
"DNK","HOUSECOST","NOMINAL","IDX2015","A","2002",62.2268956406869,
"DNK","HOUSECOST","NOMINAL","IDX2015","A","2003",64.1964167767503,
"DNK","HOUSECOST","NOMINAL","IDX2015","A","2004",69.930465653897,
"DNK","HOUSECOST","NOMINAL","IDX2015","A","2005",82.925,
"DNK","HOUSECOST","NOMINAL","IDX2015","A","2006",102.8925,
"DNK","HOUSECOST","NOMINAL","IDX2015","A","2007",105.645,
"DNK","HOUSECOST","NOMINAL","IDX2015","A","2008",100.1875,
"DNK","HOUSECOST","NOMINAL","IDX2015","A","2009",88.1875,
"DNK","HOUSECOST","NOMINAL","IDX2015","A","2010",90.6574999999999,
"DNK","HOUSECOST","NOMINAL","IDX2015","A","2011",89.1225,
"DNK","HOUSECOST","NOMINAL","IDX2015","A","2012",86.7125,
"DNK","HOUSECOST","NOMINAL","IDX2015","A","2013",90.09,
"DNK","HOUSECOST","NOMINAL","IDX2015","A","2014",93.4875,
"DNK","HOUSECOST","NOMINAL","IDX2015","A","2015",100,
"DNK","HOUSECOST","NOMINAL","IDX2015","A","2016",105.215,
"DNK","HOUSECOST","NOMINAL","IDX2015","A","2017",109.9975,
"DNK","HOUSECOST","NOMINAL","IDX2015","A","2018",114.8075,
"DNK","HOUSECOST","NOMINAL","IDX2015","A","2019",117.160000002738,
"FIN","HOUSECOST","NOMINAL","IDX2015","A","2000",58.7840917788858,
"FIN","HOUSECOST","NOMINAL","IDX2015","A","2001",57.9469645878724,
"FIN","HOUSECOST","NOMINAL","IDX2015","A","2002",61.4277507861721,
"FIN","HOUSECOST","NOMINAL","IDX2015","A","2003",65.3223763858983,
"FIN","HOUSECOST","NOMINAL","IDX2015","A","2004",70.6531569860088,
"FIN","HOUSECOST","NOMINAL","IDX2015","A","2005",76.2519062976574,
"FIN","HOUSECOST","NOMINAL","IDX2015","A","2006",81.5570389259731,
"FIN","HOUSECOST","NOMINAL","IDX2015","A","2007",86.3671591789794,
"FIN","HOUSECOST","NOMINAL","IDX2015","A","2008",87.0621765544138,
"FIN","HOUSECOST","NOMINAL","IDX2015","A","2009",88.3147078676966,
"FIN","HOUSECOST","NOMINAL","IDX2015","A","2010",93.884847121178,
"FIN","HOUSECOST","NOMINAL","IDX2015","A","2011",96.8674216855421,
"FIN","HOUSECOST","NOMINAL","IDX2015","A","2012",99.2074801870045,
"FIN","HOUSECOST","NOMINAL","IDX2015","A","2013",100.355008875222,
"FIN","HOUSECOST","NOMINAL","IDX2015","A","2014",99.9974999374984,
"FIN","HOUSECOST","NOMINAL","IDX2015","A","2015",100,
"FIN","HOUSECOST","NOMINAL","IDX2015","A","2016",100.442511062777,
"FIN","HOUSECOST","NOMINAL","IDX2015","A","2017",102.012550313758,
"FIN","HOUSECOST","NOMINAL","IDX2015","A","2018",102.885072126803,
"FIN","HOUSECOST","NOMINAL","IDX2015","A","2019",104.012600314857,
"FRA","HOUSECOST","NOMINAL","IDX2015","A","2000",49.1,
"FRA","HOUSECOST","NOMINAL","IDX2015","A","2001",52.975,
"FRA","HOUSECOST","NOMINAL","IDX2015","A","2002",57.55,
"FRA","HOUSECOST","NOMINAL","IDX2015","A","2003",64.4,
"FRA","HOUSECOST","NOMINAL","IDX2015","A","2004",74.075,
"FRA","HOUSECOST","NOMINAL","IDX2015","A","2005",85.525,
"FRA","HOUSECOST","NOMINAL","IDX2015","A","2006",95.825,
"FRA","HOUSECOST","NOMINAL","IDX2015","A","2007",102.075,
"FRA","HOUSECOST","NOMINAL","IDX2015","A","2008",103.025,
"FRA","HOUSECOST","NOMINAL","IDX2015","A","2009",95.7,
"FRA","HOUSECOST","NOMINAL","IDX2015","A","2010",100.575,
"FRA","HOUSECOST","NOMINAL","IDX2015","A","2011",106.55,
"FRA","HOUSECOST","NOMINAL","IDX2015","A","2012",105.975,
"FRA","HOUSECOST","NOMINAL","IDX2015","A","2013",103.8,
"FRA","HOUSECOST","NOMINAL","IDX2015","A","2014",101.925,
"FRA","HOUSECOST","NOMINAL","IDX2015","A","2015",100,
"FRA","HOUSECOST","NOMINAL","IDX2015","A","2016",100.925,
"FRA","HOUSECOST","NOMINAL","IDX2015","A","2017",103.975,
"FRA","HOUSECOST","NOMINAL","IDX2015","A","2018",107.15,
"FRA","HOUSECOST","NOMINAL","IDX2015","A","2019",110.65,
"DEU","HOUSECOST","NOMINAL","IDX2015","A","2000",84.3710927731933,
"DEU","HOUSECOST","NOMINAL","IDX2015","A","2001",84.4211052763191,
"DEU","HOUSECOST","NOMINAL","IDX2015","A","2002",83.3208302075519,
"DEU","HOUSECOST","NOMINAL","IDX2015","A","2003",83.6459114778694,
"DEU","HOUSECOST","NOMINAL","IDX2015","A","2004",82.3205801450362,
"DEU","HOUSECOST","NOMINAL","IDX2015","A","2005",83.3458364591148,
"DEU","HOUSECOST","NOMINAL","IDX2015","A","2006",83.0207551887972,
"DEU","HOUSECOST","NOMINAL","IDX2015","A","2007",81.2453113278319,
"DEU","HOUSECOST","NOMINAL","IDX2015","A","2008",82.3455863965991,
"DEU","HOUSECOST","NOMINAL","IDX2015","A","2009",83.0207551887972,
"DEU","HOUSECOST","NOMINAL","IDX2015","A","2010",83.8709677419355,
"DEU","HOUSECOST","NOMINAL","IDX2015","A","2011",86.7966991747937,
"DEU","HOUSECOST","NOMINAL","IDX2015","A","2012",89.7724431107776,
"DEU","HOUSECOST","NOMINAL","IDX2015","A","2013",92.5981495373843,
"DEU","HOUSECOST","NOMINAL","IDX2015","A","2014",95.4988747186796,
"DEU","HOUSECOST","NOMINAL","IDX2015","A","2015",100,
"DEU","HOUSECOST","NOMINAL","IDX2015","A","2016",107.52688172043,
"DEU","HOUSECOST","NOMINAL","IDX2015","A","2017",114.10352588147,
"DEU","HOUSECOST","NOMINAL","IDX2015","A","2018",121.680420105026,
"DEU","HOUSECOST","NOMINAL","IDX2015","A","2019",128.082020501903,
"GRC","HOUSECOST","NOMINAL","IDX2015","A","2000",88.851879486951,
"GRC","HOUSECOST","NOMINAL","IDX2015","A","2001",101.647960562211,
"GRC","HOUSECOST","NOMINAL","IDX2015","A","2002",115.732449354747,
"GRC","HOUSECOST","NOMINAL","IDX2015","A","2003",121.972543503655,
"GRC","HOUSECOST","NOMINAL","IDX2015","A","2004",124.796164653161,
"GRC","HOUSECOST","NOMINAL","IDX2015","A","2005",138.391754600782,
"GRC","HOUSECOST","NOMINAL","IDX2015","A","2006",156.359745697637,
"GRC","HOUSECOST","NOMINAL","IDX2015","A","2007",166.037798345944,
"GRC","HOUSECOST","NOMINAL","IDX2015","A","2008",168.464175920519,
"GRC","HOUSECOST","NOMINAL","IDX2015","A","2009",161.222116721786,
"GRC","HOUSECOST","NOMINAL","IDX2015","A","2010",154.17035814802,
"GRC","HOUSECOST","NOMINAL","IDX2015","A","2011",145.662666749509,
"GRC","HOUSECOST","NOMINAL","IDX2015","A","2012",128.533147127507,
"GRC","HOUSECOST","NOMINAL","IDX2015","A","2013",114.501116529962,
"GRC","HOUSECOST","NOMINAL","IDX2015","A","2014",105.365878731561,
"GRC","HOUSECOST","NOMINAL","IDX2015","A","2015",100,
"GRC","HOUSECOST","NOMINAL","IDX2015","A","2016",97.5884823129221,
"GRC","HOUSECOST","NOMINAL","IDX2015","A","2017",96.5130754981103,
"GRC","HOUSECOST","NOMINAL","IDX2015","A","2018",98.2905692027992,
"GRC","HOUSECOST","NOMINAL","IDX2015","A","2019",105.665661956375,
"HUN","HOUSECOST","NOMINAL","IDX2015","A","2007",98.9099999996167,
"HUN","HOUSECOST","NOMINAL","IDX2015","A","2008",101.2575,
"HUN","HOUSECOST","NOMINAL","IDX2015","A","2009",95.9525,
"HUN","HOUSECOST","NOMINAL","IDX2015","A","2010",93.66,
"HUN","HOUSECOST","NOMINAL","IDX2015","A","2011",90.4475,
"HUN","HOUSECOST","NOMINAL","IDX2015","A","2012",87.0975,
"HUN","HOUSECOST","NOMINAL","IDX2015","A","2013",84.87,
"HUN","HOUSECOST","NOMINAL","IDX2015","A","2014",88.4275000000001,
"HUN","HOUSECOST","NOMINAL","IDX2015","A","2015",100,
"HUN","HOUSECOST","NOMINAL","IDX2015","A","2016",113.3775,
"HUN","HOUSECOST","NOMINAL","IDX2015","A","2017",127.24,
"HUN","HOUSECOST","NOMINAL","IDX2015","A","2018",145.495,
"HUN","HOUSECOST","NOMINAL","IDX2015","A","2019",166.967500010746,
"ISL","HOUSECOST","NOMINAL","IDX2015","A","2005",60.6000000005508,
"ISL","HOUSECOST","NOMINAL","IDX2015","A","2006",70.7925,
"ISL","HOUSECOST","NOMINAL","IDX2015","A","2007",77.4425,
"ISL","HOUSECOST","NOMINAL","IDX2015","A","2008",82.2575,
"ISL","HOUSECOST","NOMINAL","IDX2015","A","2009",74.2775,
"ISL","HOUSECOST","NOMINAL","IDX2015","A","2010",72.0225,
"ISL","HOUSECOST","NOMINAL","IDX2015","A","2011",75.3575,
"ISL","HOUSECOST","NOMINAL","IDX2015","A","2012",80.5650000000001,
"ISL","HOUSECOST","NOMINAL","IDX2015","A","2013",85.2075,
"ISL","HOUSECOST","NOMINAL","IDX2015","A","2014",92.385,
"ISL","HOUSECOST","NOMINAL","IDX2015","A","2015",100,
"ISL","HOUSECOST","NOMINAL","IDX2015","A","2016",109.77,
"ISL","HOUSECOST","NOMINAL","IDX2015","A","2017",131.2,
"ISL","HOUSECOST","NOMINAL","IDX2015","A","2018",142.01,
"ISL","HOUSECOST","NOMINAL","IDX2015","A","2019",148.294999998372,
"IRL","HOUSECOST","NOMINAL","IDX2015","A","2000",79.5350295435364,
"IRL","HOUSECOST","NOMINAL","IDX2015","A","2001",89.3885494028045,
"IRL","HOUSECOST","NOMINAL","IDX2015","A","2002",95.6258908504966,
"IRL","HOUSECOST","NOMINAL","IDX2015","A","2003",109.224915392944,
"IRL","HOUSECOST","NOMINAL","IDX2015","A","2004",121.417759885171,
"IRL","HOUSECOST","NOMINAL","IDX2015","A","2005",131.881702957426,
"IRL","HOUSECOST","NOMINAL","IDX2015","A","2006",151.498712532187,
"IRL","HOUSECOST","NOMINAL","IDX2015","A","2007",162.800929976751,
"IRL","HOUSECOST","NOMINAL","IDX2015","A","2008",151.501212469688,
"IRL","HOUSECOST","NOMINAL","IDX2015","A","2009",122.484437889053,
"IRL","HOUSECOST","NOMINAL","IDX2015","A","2010",105.954851128722,
"IRL","HOUSECOST","NOMINAL","IDX2015","A","2011",87.8603034924126,
"IRL","HOUSECOST","NOMINAL","IDX2015","A","2012",76.0355991100222,
"IRL","HOUSECOST","NOMINAL","IDX2015","A","2013",76.9830754231144,
"IRL","HOUSECOST","NOMINAL","IDX2015","A","2014",89.7177570560735,
"IRL","HOUSECOST","NOMINAL","IDX2015","A","2015",100,
"IRL","HOUSECOST","NOMINAL","IDX2015","A","2016",107.459813504662,
"IRL","HOUSECOST","NOMINAL","IDX2015","A","2017",119.174520636984,
"IRL","HOUSECOST","NOMINAL","IDX2015","A","2018",131.349216269593,
"IRL","HOUSECOST","NOMINAL","IDX2015","A","2019",134.414139645616,
"ITA","HOUSECOST","NOMINAL","IDX2015","A","2000",70.0132294702984,
"ITA","HOUSECOST","NOMINAL","IDX2015","A","2001",75.7549080309578,
"ITA","HOUSECOST","NOMINAL","IDX2015","A","2002",83.0117639963814,
"ITA","HOUSECOST","NOMINAL","IDX2015","A","2003",91.5445974469794,
"ITA","HOUSECOST","NOMINAL","IDX2015","A","2004",100.636689114484,
"ITA","HOUSECOST","NOMINAL","IDX2015","A","2005",108.225783495829,
"ITA","HOUSECOST","NOMINAL","IDX2015","A","2006",115.191197105237,
"ITA","HOUSECOST","NOMINAL","IDX2015","A","2007",121.130252286662,
"ITA","HOUSECOST","NOMINAL","IDX2015","A","2008",123.17709920595,
"ITA","HOUSECOST","NOMINAL","IDX2015","A","2009",118.646535330184,
"ITA","HOUSECOST","NOMINAL","IDX2015","A","2010",118.1,
"ITA","HOUSECOST","NOMINAL","IDX2015","A","2011",119.7,
"ITA","HOUSECOST","NOMINAL","IDX2015","A","2012",116.65,
"ITA","HOUSECOST","NOMINAL","IDX2015","A","2013",109.1,
"ITA","HOUSECOST","NOMINAL","IDX2015","A","2014",103.95,
"ITA","HOUSECOST","NOMINAL","IDX2015","A","2015",100,
"ITA","HOUSECOST","NOMINAL","IDX2015","A","2016",100.25,
"ITA","HOUSECOST","NOMINAL","IDX2015","A","2017",99.1749999999999,
"ITA","HOUSECOST","NOMINAL","IDX2015","A","2018",98.6249999999999,
"ITA","HOUSECOST","NOMINAL","IDX2015","A","2019",98.5499999996743,
"JPN","HOUSECOST","NOMINAL","IDX2015","A","2000",136.115295666443,
"JPN","HOUSECOST","NOMINAL","IDX2015","A","2001",130.117398713291,
"JPN","HOUSECOST","NOMINAL","IDX2015","A","2002",123.175101285608,
"JPN","HOUSECOST","NOMINAL","IDX2015","A","2003",115.554314123065,
"JPN","HOUSECOST","NOMINAL","IDX2015","A","2004",108.507083309323,
"JPN","HOUSECOST","NOMINAL","IDX2015","A","2005",103.221063986596,
"JPN","HOUSECOST","NOMINAL","IDX2015","A","2006",100.145800320159,
"JPN","HOUSECOST","NOMINAL","IDX2015","A","2007",99.1465483029145,
"JPN","HOUSECOST","NOMINAL","IDX2015","A","2008",99.8075995620011,
"JPN","HOUSECOST","NOMINAL","IDX2015","A","2009",94.0158031148504,
"JPN","HOUSECOST","NOMINAL","IDX2015","A","2010",95.3711505773843,
"JPN","HOUSECOST","NOMINAL","IDX2015","A","2011",95.4442836948861,
"JPN","HOUSECOST","NOMINAL","IDX2015","A","2012",94.5976883598649,
"JPN","HOUSECOST","NOMINAL","IDX2015","A","2013",96.1485874199037,
"JPN","HOUSECOST","NOMINAL","IDX2015","A","2014",97.6446366399411,
"JPN","HOUSECOST","NOMINAL","IDX2015","A","2015",100,
"JPN","HOUSECOST","NOMINAL","IDX2015","A","2016",102.219431152556,
"JPN","HOUSECOST","NOMINAL","IDX2015","A","2017",104.828375652621,
"JPN","HOUSECOST","NOMINAL","IDX2015","A","2018",106.878487727672,
"JPN","HOUSECOST","NOMINAL","IDX2015","A","2019",108.654350631694,
"KOR","HOUSECOST","NOMINAL","IDX2015","A","2000",52.3309209869121,
"KOR","HOUSECOST","NOMINAL","IDX2015","A","2001",54.3956658998589,
"KOR","HOUSECOST","NOMINAL","IDX2015","A","2002",63.4447010148756,
"KOR","HOUSECOST","NOMINAL","IDX2015","A","2003",69.1775773380148,
"KOR","HOUSECOST","NOMINAL","IDX2015","A","2004",69.6491978449422,
"KOR","HOUSECOST","NOMINAL","IDX2015","A","2005",70.3787235527086,
"KOR","HOUSECOST","NOMINAL","IDX2015","A","2006",75.0777757118359,
"KOR","HOUSECOST","NOMINAL","IDX2015","A","2007",82.5789849573125,
"KOR","HOUSECOST","NOMINAL","IDX2015","A","2008",88.4332953042019,
"KOR","HOUSECOST","NOMINAL","IDX2015","A","2009",89.218203048875,
"KOR","HOUSECOST","NOMINAL","IDX2015","A","2010",91.1793903209985,
"KOR","HOUSECOST","NOMINAL","IDX2015","A","2011",95.6413124944187,
"KOR","HOUSECOST","NOMINAL","IDX2015","A","2012",96.8186340373206,
"KOR","HOUSECOST","NOMINAL","IDX2015","A","2013",95.7694650760141,
"KOR","HOUSECOST","NOMINAL","IDX2015","A","2014",97.2713529530943,
"KOR","HOUSECOST","NOMINAL","IDX2015","A","2015",100,
"KOR","HOUSECOST","NOMINAL","IDX2015","A","2016",101.621461286609,
"KOR","HOUSECOST","NOMINAL","IDX2015","A","2017",102.853471903371,
"KOR","HOUSECOST","NOMINAL","IDX2015","A","2018",104.275383031526,
"KOR","HOUSECOST","NOMINAL","IDX2015","A","2019",103.968171575199,
"LUX","HOUSECOST","NOMINAL","IDX2015","A","2007",74.4199999979443,
"LUX","HOUSECOST","NOMINAL","IDX2015","A","2008",76.9075,
"LUX","HOUSECOST","NOMINAL","IDX2015","A","2009",76.02,
"LUX","HOUSECOST","NOMINAL","IDX2015","A","2010",80.14,
"LUX","HOUSECOST","NOMINAL","IDX2015","A","2011",83.0875,
"LUX","HOUSECOST","NOMINAL","IDX2015","A","2012",86.5775,
"LUX","HOUSECOST","NOMINAL","IDX2015","A","2013",90.8925,
"LUX","HOUSECOST","NOMINAL","IDX2015","A","2014",94.8775,
"LUX","HOUSECOST","NOMINAL","IDX2015","A","2015",100,
"LUX","HOUSECOST","NOMINAL","IDX2015","A","2016",106.005,
"LUX","HOUSECOST","NOMINAL","IDX2015","A","2017",111.9575,
"LUX","HOUSECOST","NOMINAL","IDX2015","A","2018",119.86,
"LUX","HOUSECOST","NOMINAL","IDX2015","A","2019",132.080000001478,
"MEX","HOUSECOST","NOMINAL","IDX2015","A","2005",58.0468150595703,
"MEX","HOUSECOST","NOMINAL","IDX2015","A","2006",61.9911443121492,
"MEX","HOUSECOST","NOMINAL","IDX2015","A","2007",66.7580532150067,
"MEX","HOUSECOST","NOMINAL","IDX2015","A","2008",71.3576968803517,
"MEX","HOUSECOST","NOMINAL","IDX2015","A","2009",75.0867164306314,
"MEX","HOUSECOST","NOMINAL","IDX2015","A","2010",77.2856995457963,
"MEX","HOUSECOST","NOMINAL","IDX2015","A","2011",81.7633498061321,
"MEX","HOUSECOST","NOMINAL","IDX2015","A","2012",84.3699353463276,
"MEX","HOUSECOST","NOMINAL","IDX2015","A","2013",88.6873482591514,
"MEX","HOUSECOST","NOMINAL","IDX2015","A","2014",92.4661866044348,
"MEX","HOUSECOST","NOMINAL","IDX2015","A","2015",100,
"MEX","HOUSECOST","NOMINAL","IDX2015","A","2016",107.282318733046,
"MEX","HOUSECOST","NOMINAL","IDX2015","A","2017",115.687671008677,
"MEX","HOUSECOST","NOMINAL","IDX2015","A","2018",125.952065234446,
"MEX","HOUSECOST","NOMINAL","IDX2015","A","2019",136.739604759942,
"NLD","HOUSECOST","NOMINAL","IDX2015","A","2000",80.0434221493274,
"NLD","HOUSECOST","NOMINAL","IDX2015","A","2001",88.9204451489599,
"NLD","HOUSECOST","NOMINAL","IDX2015","A","2002",94.6351801939706,
"NLD","HOUSECOST","NOMINAL","IDX2015","A","2003",98.0133320523423,
"NLD","HOUSECOST","NOMINAL","IDX2015","A","2004",102.264144989527,
"NLD","HOUSECOST","NOMINAL","IDX2015","A","2005",106.195,
"NLD","HOUSECOST","NOMINAL","IDX2015","A","2006",110.7325,
"NLD","HOUSECOST","NOMINAL","IDX2015","A","2007",116.095,
"NLD","HOUSECOST","NOMINAL","IDX2015","A","2008",118.64,
"NLD","HOUSECOST","NOMINAL","IDX2015","A","2009",113.35,
"NLD","HOUSECOST","NOMINAL","IDX2015","A","2010",111.4,
"NLD","HOUSECOST","NOMINAL","IDX2015","A","2011",109.19,
"NLD","HOUSECOST","NOMINAL","IDX2015","A","2012",101.86,
"NLD","HOUSECOST","NOMINAL","IDX2015","A","2013",95.7475000000001,
"NLD","HOUSECOST","NOMINAL","IDX2015","A","2014",96.5325000000001,
"NLD","HOUSECOST","NOMINAL","IDX2015","A","2015",100,
"NLD","HOUSECOST","NOMINAL","IDX2015","A","2016",105.0175,
"NLD","HOUSECOST","NOMINAL","IDX2015","A","2017",112.9325,
"NLD","HOUSECOST","NOMINAL","IDX2015","A","2018",123.61,
"NLD","HOUSECOST","NOMINAL","IDX2015","A","2019",132.564999999994,
"NZL","HOUSECOST","NOMINAL","IDX2015","A","2000",34.4067881906992,
"NZL","HOUSECOST","NOMINAL","IDX2015","A","2001",35.0362574206205,
"NZL","HOUSECOST","NOMINAL","IDX2015","A","2002",38.6053479676743,
"NZL","HOUSECOST","NOMINAL","IDX2015","A","2003",46.1665323717292,
"NZL","HOUSECOST","NOMINAL","IDX2015","A","2004",54.4516064006936,
"NZL","HOUSECOST","NOMINAL","IDX2015","A","2005",61.8189142822727,
"NZL","HOUSECOST","NOMINAL","IDX2015","A","2006",68.3150367514606,
"NZL","HOUSECOST","NOMINAL","IDX2015","A","2007",75.7578809455303,
"NZL","HOUSECOST","NOMINAL","IDX2015","A","2008",72.4216940184473,
"NZL","HOUSECOST","NOMINAL","IDX2015","A","2009",71.2584348785927,
"NZL","HOUSECOST","NOMINAL","IDX2015","A","2010",72.648302943419,
"NZL","HOUSECOST","NOMINAL","IDX2015","A","2011",73.5547386358057,
"NZL","HOUSECOST","NOMINAL","IDX2015","A","2012",77.0231141003721,
"NZL","HOUSECOST","NOMINAL","IDX2015","A","2013",84.000151062,
"NZL","HOUSECOST","NOMINAL","IDX2015","A","2014",89.4576492988178,
"NZL","HOUSECOST","NOMINAL","IDX2015","A","2015",100,
"NZL","HOUSECOST","NOMINAL","IDX2015","A","2016",113.556249360806,
"NZL","HOUSECOST","NOMINAL","IDX2015","A","2017",121.195487959851,
"NZL","HOUSECOST","NOMINAL","IDX2015","A","2018",125.550156086116,
"NOR","HOUSECOST","NOMINAL","IDX2015","A","2000",40.25,
"NOR","HOUSECOST","NOMINAL","IDX2015","A","2001",43.0249999999999,
"NOR","HOUSECOST","NOMINAL","IDX2015","A","2002",45.1749999999999,
"NOR","HOUSECOST","NOMINAL","IDX2015","A","2003",45.9249999999999,
"NOR","HOUSECOST","NOMINAL","IDX2015","A","2004",50.5999999999999,
"NOR","HOUSECOST","NOMINAL","IDX2015","A","2005",54.7749999999999,
"NOR","HOUSECOST","NOMINAL","IDX2015","A","2006",62.2749999999999,
"NOR","HOUSECOST","NOMINAL","IDX2015","A","2007",70.0999999999999,
"NOR","HOUSECOST","NOMINAL","IDX2015","A","2008",69.3499999999999,
"NOR","HOUSECOST","NOMINAL","IDX2015","A","2009",70.6749999999999,
"NOR","HOUSECOST","NOMINAL","IDX2015","A","2010",76.4749999999999,
"NOR","HOUSECOST","NOMINAL","IDX2015","A","2011",82.5999999999999,
"NOR","HOUSECOST","NOMINAL","IDX2015","A","2012",88.1999999999998,
"NOR","HOUSECOST","NOMINAL","IDX2015","A","2013",91.7499999999998,
"NOR","HOUSECOST","NOMINAL","IDX2015","A","2014",94.2499999999998,
"NOR","HOUSECOST","NOMINAL","IDX2015","A","2015",100,
"NOR","HOUSECOST","NOMINAL","IDX2015","A","2016",107.025,
"NOR","HOUSECOST","NOMINAL","IDX2015","A","2017",112.35,
"NOR","HOUSECOST","NOMINAL","IDX2015","A","2018",113.975,
"NOR","HOUSECOST","NOMINAL","IDX2015","A","2019",116.79999999676,
"POL","HOUSECOST","NOMINAL","IDX2015","A","2010",105.609999999764,
"POL","HOUSECOST","NOMINAL","IDX2015","A","2011",105.695,
"POL","HOUSECOST","NOMINAL","IDX2015","A","2012",102.005,
"POL","HOUSECOST","NOMINAL","IDX2015","A","2013",97.535,
"POL","HOUSECOST","NOMINAL","IDX2015","A","2014",98.5,
"POL","HOUSECOST","NOMINAL","IDX2015","A","2015",100,
"POL","HOUSECOST","NOMINAL","IDX2015","A","2016",101.8575,
"POL","HOUSECOST","NOMINAL","IDX2015","A","2017",105.7825,
"POL","HOUSECOST","NOMINAL","IDX2015","A","2018",112.7425,
"POL","HOUSECOST","NOMINAL","IDX2015","A","2019",122.522500000258,
"PRT","HOUSECOST","NOMINAL","IDX2015","A","2000",100.240697412219,
"PRT","HOUSECOST","NOMINAL","IDX2015","A","2001",105.672836626221,
"PRT","HOUSECOST","NOMINAL","IDX2015","A","2002",106.330933909589,
"PRT","HOUSECOST","NOMINAL","IDX2015","A","2003",107.479767529261,
"PRT","HOUSECOST","NOMINAL","IDX2015","A","2004",108.166231074842,
"PRT","HOUSECOST","NOMINAL","IDX2015","A","2005",110.622749382583,
"PRT","HOUSECOST","NOMINAL","IDX2015","A","2006",112.954456136583,
"PRT","HOUSECOST","NOMINAL","IDX2015","A","2007",113.467885482658,
"PRT","HOUSECOST","NOMINAL","IDX2015","A","2008",106.308240899817,
"PRT","HOUSECOST","NOMINAL","IDX2015","A","2009",106.5375,
"PRT","HOUSECOST","NOMINAL","IDX2015","A","2010",107.3575,
"PRT","HOUSECOST","NOMINAL","IDX2015","A","2011",102.0925,
"PRT","HOUSECOST","NOMINAL","IDX2015","A","2012",94.8725,
"PRT","HOUSECOST","NOMINAL","IDX2015","A","2013",93.085,
"PRT","HOUSECOST","NOMINAL","IDX2015","A","2014",97.0375,
"PRT","HOUSECOST","NOMINAL","IDX2015","A","2015",100,
"PRT","HOUSECOST","NOMINAL","IDX2015","A","2016",107.115,
"PRT","HOUSECOST","NOMINAL","IDX2015","A","2017",117.015,
"PRT","HOUSECOST","NOMINAL","IDX2015","A","2018",129.0325,
"PRT","HOUSECOST","NOMINAL","IDX2015","A","2019",141.462500002556,
"SVK","HOUSECOST","NOMINAL","IDX2015","A","2005",65.0965121633524,
"SVK","HOUSECOST","NOMINAL","IDX2015","A","2006",75.9868996724918,
"SVK","HOUSECOST","NOMINAL","IDX2015","A","2007",98.0049501237529,
"SVK","HOUSECOST","NOMINAL","IDX2015","A","2008",115.552888822221,
"SVK","HOUSECOST","NOMINAL","IDX2015","A","2009",100.817520438011,
"SVK","HOUSECOST","NOMINAL","IDX2015","A","2010",96.7849196229905,
"SVK","HOUSECOST","NOMINAL","IDX2015","A","2011",95.3298832470811,
"SVK","HOUSECOST","NOMINAL","IDX2015","A","2012",92.7548188704716,
"SVK","HOUSECOST","NOMINAL","IDX2015","A","2013",93.587339683492,
"SVK","HOUSECOST","NOMINAL","IDX2015","A","2014",94.907372684317,
"SVK","HOUSECOST","NOMINAL","IDX2015","A","2015",100,
"SVK","HOUSECOST","NOMINAL","IDX2015","A","2016",106.702667566689,
"SVK","HOUSECOST","NOMINAL","IDX2015","A","2017",112.990324758119,
"SVK","HOUSECOST","NOMINAL","IDX2015","A","2018",121.320533013325,
"SVK","HOUSECOST","NOMINAL","IDX2015","A","2019",132.395809894978,
"ESP","HOUSECOST","NOMINAL","IDX2015","A","2000",57.2387344852681,
"ESP","HOUSECOST","NOMINAL","IDX2015","A","2001",62.6768863838807,
"ESP","HOUSECOST","NOMINAL","IDX2015","A","2002",73.3083859155734,
"ESP","HOUSECOST","NOMINAL","IDX2015","A","2003",87.9511781982042,
"ESP","HOUSECOST","NOMINAL","IDX2015","A","2004",104.076784889203,
"ESP","HOUSECOST","NOMINAL","IDX2015","A","2005",119.272135371178,
"ESP","HOUSECOST","NOMINAL","IDX2015","A","2006",135.500887522188,
"ESP","HOUSECOST","NOMINAL","IDX2015","A","2007",148.791219780494,
"ESP","HOUSECOST","NOMINAL","IDX2015","A","2008",146.666166654166,
"ESP","HOUSECOST","NOMINAL","IDX2015","A","2009",136.97592439811,
"ESP","HOUSECOST","NOMINAL","IDX2015","A","2010",134.555863896597,
"ESP","HOUSECOST","NOMINAL","IDX2015","A","2011",124.270606765169,
"ESP","HOUSECOST","NOMINAL","IDX2015","A","2012",105.905147628691,
"ESP","HOUSECOST","NOMINAL","IDX2015","A","2013",96.2399059976498,
"ESP","HOUSECOST","NOMINAL","IDX2015","A","2014",96.5399134978373,
"ESP","HOUSECOST","NOMINAL","IDX2015","A","2015",100,
"ESP","HOUSECOST","NOMINAL","IDX2015","A","2016",104.622615565389,
"ESP","HOUSECOST","NOMINAL","IDX2015","A","2017",111.105277631941,
"ESP","HOUSECOST","NOMINAL","IDX2015","A","2018",118.580464511613,
"ESP","HOUSECOST","NOMINAL","IDX2015","A","2019",124.715617892519,
"SWE","HOUSECOST","NOMINAL","IDX2015","A","2000",35.7094574175825,
"SWE","HOUSECOST","NOMINAL","IDX2015","A","2001",38.5295192307693,
"SWE","HOUSECOST","NOMINAL","IDX2015","A","2002",40.975837912088,
"SWE","HOUSECOST","NOMINAL","IDX2015","A","2003",43.6939697802199,
"SWE","HOUSECOST","NOMINAL","IDX2015","A","2004",47.7711675824177,
"SWE","HOUSECOST","NOMINAL","IDX2015","A","2005",52.0400000000001,
"SWE","HOUSECOST","NOMINAL","IDX2015","A","2006",58.4575000000001,
"SWE","HOUSECOST","NOMINAL","IDX2015","A","2007",65.7350000000001,
"SWE","HOUSECOST","NOMINAL","IDX2015","A","2008",66.4725000000001,
"SWE","HOUSECOST","NOMINAL","IDX2015","A","2009",68.5625000000002,
"SWE","HOUSECOST","NOMINAL","IDX2015","A","2010",73.9650000000002,
"SWE","HOUSECOST","NOMINAL","IDX2015","A","2011",75.8725000000002,
"SWE","HOUSECOST","NOMINAL","IDX2015","A","2012",76.8250000000002,
"SWE","HOUSECOST","NOMINAL","IDX2015","A","2013",80.7850000000002,
"SWE","HOUSECOST","NOMINAL","IDX2015","A","2014",88.4025000000002,
"SWE","HOUSECOST","NOMINAL","IDX2015","A","2015",100,
"SWE","HOUSECOST","NOMINAL","IDX2015","A","2016",108.2425,
"SWE","HOUSECOST","NOMINAL","IDX2015","A","2017",115.4275,
"SWE","HOUSECOST","NOMINAL","IDX2015","A","2018",114.350000000001,
"SWE","HOUSECOST","NOMINAL","IDX2015","A","2019",117.184999998901,
"CHE","HOUSECOST","NOMINAL","IDX2015","A","2000",62.4317436534391,
"CHE","HOUSECOST","NOMINAL","IDX2015","A","2001",62.9932890859251,
"CHE","HOUSECOST","NOMINAL","IDX2015","A","2002",62.9007839684274,
"CHE","HOUSECOST","NOMINAL","IDX2015","A","2003",63.795383108405,
"CHE","HOUSECOST","NOMINAL","IDX2015","A","2004",66.1331725508466,
"CHE","HOUSECOST","NOMINAL","IDX2015","A","2005",68.5761035432855,
"CHE","HOUSECOST","NOMINAL","IDX2015","A","2006",72.8180330856794,
"CHE","HOUSECOST","NOMINAL","IDX2015","A","2007",77.0976191005724,
"CHE","HOUSECOST","NOMINAL","IDX2015","A","2008",80.0034236504998,
"CHE","HOUSECOST","NOMINAL","IDX2015","A","2009",80.3841703354903,
"CHE","HOUSECOST","NOMINAL","IDX2015","A","2010",82.6010771604349,
"CHE","HOUSECOST","NOMINAL","IDX2015","A","2011",87.8643809928033,
"CHE","HOUSECOST","NOMINAL","IDX2015","A","2012",92.113544505197,
"CHE","HOUSECOST","NOMINAL","IDX2015","A","2013",94.8640436051283,
"CHE","HOUSECOST","NOMINAL","IDX2015","A","2014",97.4523310800636,
"CHE","HOUSECOST","NOMINAL","IDX2015","A","2015",100,
"CHE","HOUSECOST","NOMINAL","IDX2015","A","2016",101.619464122459,
"CHE","HOUSECOST","NOMINAL","IDX2015","A","2017",103.58500937241,
"CHE","HOUSECOST","NOMINAL","IDX2015","A","2018",106.721523522332,
"CHE","HOUSECOST","NOMINAL","IDX2015","A","2019",110.556668371492,
"TUR","HOUSECOST","NOMINAL","IDX2015","A","2010",58.4539195226011,
"TUR","HOUSECOST","NOMINAL","IDX2015","A","2011",62.5296459146837,
"TUR","HOUSECOST","NOMINAL","IDX2015","A","2012",68.3177833639603,
"TUR","HOUSECOST","NOMINAL","IDX2015","A","2013",75.9311692130086,
"TUR","HOUSECOST","NOMINAL","IDX2015","A","2014",86.1575752392303,
"TUR","HOUSECOST","NOMINAL","IDX2015","A","2015",100,
"TUR","HOUSECOST","NOMINAL","IDX2015","A","2016",113.5958542608,
"TUR","HOUSECOST","NOMINAL","IDX2015","A","2017",125.374818484328,
"TUR","HOUSECOST","NOMINAL","IDX2015","A","2018",134.874050558141,
"TUR","HOUSECOST","NOMINAL","IDX2015","A","2019",140.876369956058,
"GBR","HOUSECOST","NOMINAL","IDX2015","A","2000",45.4194346607335,
"GBR","HOUSECOST","NOMINAL","IDX2015","A","2001",49.1178841602939,
"GBR","HOUSECOST","NOMINAL","IDX2015","A","2002",57.052708202174,
"GBR","HOUSECOST","NOMINAL","IDX2015","A","2003",65.9888290157079,
"GBR","HOUSECOST","NOMINAL","IDX2015","A","2004",73.8223581634058,
"GBR","HOUSECOST","NOMINAL","IDX2015","A","2005",78.9276714936877,
"GBR","HOUSECOST","NOMINAL","IDX2015","A","2006",85.1249297326031,
"GBR","HOUSECOST","NOMINAL","IDX2015","A","2007",93.5536784811281,
"GBR","HOUSECOST","NOMINAL","IDX2015","A","2008",89.3752250743593,
"GBR","HOUSECOST","NOMINAL","IDX2015","A","2009",81.4130440857527,
"GBR","HOUSECOST","NOMINAL","IDX2015","A","2010",86.0778983799364,
"GBR","HOUSECOST","NOMINAL","IDX2015","A","2011",84.8326066851543,
"GBR","HOUSECOST","NOMINAL","IDX2015","A","2012",85.165940772596,
"GBR","HOUSECOST","NOMINAL","IDX2015","A","2013",87.3503984447137,
"GBR","HOUSECOST","NOMINAL","IDX2015","A","2014",94.3386430334907,
"GBR","HOUSECOST","NOMINAL","IDX2015","A","2015",100,
"GBR","HOUSECOST","NOMINAL","IDX2015","A","2016",106.975069281279,
"GBR","HOUSECOST","NOMINAL","IDX2015","A","2017",111.833779355429,
"GBR","HOUSECOST","NOMINAL","IDX2015","A","2018",115.4270128798,
"GBR","HOUSECOST","NOMINAL","IDX2015","A","2019",116.943882579535,
"USA","HOUSECOST","NOMINAL","IDX2015","A","2000",64.8990541335101,
"USA","HOUSECOST","NOMINAL","IDX2015","A","2001",69.390162108061,
"USA","HOUSECOST","NOMINAL","IDX2015","A","2002",74.2790407175721,
"USA","HOUSECOST","NOMINAL","IDX2015","A","2003",79.9761800095024,
"USA","HOUSECOST","NOMINAL","IDX2015","A","2004",87.5338220562466,
"USA","HOUSECOST","NOMINAL","IDX2015","A","2005",96.6952660478305,
"USA","HOUSECOST","NOMINAL","IDX2015","A","2006",102.369279114763,
"USA","HOUSECOST","NOMINAL","IDX2015","A","2007",102.364653939764,
"USA","HOUSECOST","NOMINAL","IDX2015","A","2008",94.0184084455982,
"USA","HOUSECOST","NOMINAL","IDX2015","A","2009",88.4241807461576,
"USA","HOUSECOST","NOMINAL","IDX2015","A","2010",85.7808561214219,
"USA","HOUSECOST","NOMINAL","IDX2015","A","2011",82.1616058742838,
"USA","HOUSECOST","NOMINAL","IDX2015","A","2012",84.4938831115506,
"USA","HOUSECOST","NOMINAL","IDX2015","A","2013",90.4350038059565,
"USA","HOUSECOST","NOMINAL","IDX2015","A","2014",94.9781457330022,
"USA","HOUSECOST","NOMINAL","IDX2015","A","2015",100,
"USA","HOUSECOST","NOMINAL","IDX2015","A","2016",105.806988739419,
"USA","HOUSECOST","NOMINAL","IDX2015","A","2017",112.571402113743,
"USA","HOUSECOST","NOMINAL","IDX2015","A","2018",119.89778218801,
"USA","HOUSECOST","NOMINAL","IDX2015","A","2019",126.161513362384,
"BRA","HOUSECOST","NOMINAL","IDX2015","A","2008",34.5267516907862,
"BRA","HOUSECOST","NOMINAL","IDX2015","A","2009",40.9378292769777,
"BRA","HOUSECOST","NOMINAL","IDX2015","A","2010",50.9223250104184,
"BRA","HOUSECOST","NOMINAL","IDX2015","A","2011",65.6068589793931,
"BRA","HOUSECOST","NOMINAL","IDX2015","A","2012",77.4991166591292,
"BRA","HOUSECOST","NOMINAL","IDX2015","A","2013",87.1470240028561,
"BRA","HOUSECOST","NOMINAL","IDX2015","A","2014",96.2342545194315,
"BRA","HOUSECOST","NOMINAL","IDX2015","A","2015",100,
"BRA","HOUSECOST","NOMINAL","IDX2015","A","2016",100.313900711309,
"BRA","HOUSECOST","NOMINAL","IDX2015","A","2017",100.495087001659,
"BRA","HOUSECOST","NOMINAL","IDX2015","A","2018",100.029782959864,
"BRA","HOUSECOST","NOMINAL","IDX2015","A","2019",100.207183689331,
"CHL","HOUSECOST","NOMINAL","IDX2015","A","2002",51.218513750982,
"CHL","HOUSECOST","NOMINAL","IDX2015","A","2003",52.4325864853649,
"CHL","HOUSECOST","NOMINAL","IDX2015","A","2004",55.3151198582973,
"CHL","HOUSECOST","NOMINAL","IDX2015","A","2005",57.2924519285938,
"CHL","HOUSECOST","NOMINAL","IDX2015","A","2006",58.5415691487812,
"CHL","HOUSECOST","NOMINAL","IDX2015","A","2007",61.5058916017259,
"CHL","HOUSECOST","NOMINAL","IDX2015","A","2008",62.0036960493005,
"CHL","HOUSECOST","NOMINAL","IDX2015","A","2009",63.4855891070228,
"CHL","HOUSECOST","NOMINAL","IDX2015","A","2010",67.5957042701393,
"CHL","HOUSECOST","NOMINAL","IDX2015","A","2011",73.2966343884945,
"CHL","HOUSECOST","NOMINAL","IDX2015","A","2012",78.2384997217358,
"CHL","HOUSECOST","NOMINAL","IDX2015","A","2013",84.1536991201231,
"CHL","HOUSECOST","NOMINAL","IDX2015","A","2014",90.8576785811286,
"CHL","HOUSECOST","NOMINAL","IDX2015","A","2015",100,
"CHL","HOUSECOST","NOMINAL","IDX2015","A","2016",102.817479115423,
"CHL","HOUSECOST","NOMINAL","IDX2015","A","2017",110.246607316537,
"CHL","HOUSECOST","NOMINAL","IDX2015","A","2018",118.28165119186,
"CHN","HOUSECOST","NOMINAL","IDX2015","A","2010",85.1257395214857,
"CHN","HOUSECOST","NOMINAL","IDX2015","A","2011",90.7675168655349,
"CHN","HOUSECOST","NOMINAL","IDX2015","A","2012",90.0063881834188,
"CHN","HOUSECOST","NOMINAL","IDX2015","A","2013",96.4911734002279,
"CHN","HOUSECOST","NOMINAL","IDX2015","A","2014",101.131954939936,
"CHN","HOUSECOST","NOMINAL","IDX2015","A","2015",100,
"CHN","HOUSECOST","NOMINAL","IDX2015","A","2016",112.22947601315,
"CHN","HOUSECOST","NOMINAL","IDX2015","A","2017",126.98929589754,
"CHN","HOUSECOST","NOMINAL","IDX2015","A","2018",134.267929761144,
"CHN","HOUSECOST","NOMINAL","IDX2015","A","2019",139.503123978033,
"COL","HOUSECOST","NOMINAL","IDX2015","A","2000",27.7868800927787,
"COL","HOUSECOST","NOMINAL","IDX2015","A","2001",29.1341238054134,
"COL","HOUSECOST","NOMINAL","IDX2015","A","2002",29.2308260004231,
"COL","HOUSECOST","NOMINAL","IDX2015","A","2003",29.9996869955,
"COL","HOUSECOST","NOMINAL","IDX2015","A","2004",32.8734568932874,
"COL","HOUSECOST","NOMINAL","IDX2015","A","2005",35.6774877310678,
"COL","HOUSECOST","NOMINAL","IDX2015","A","2006",40.2672619240267,
"COL","HOUSECOST","NOMINAL","IDX2015","A","2007",47.2033698397203,
"COL","HOUSECOST","NOMINAL","IDX2015","A","2008",55.019840113002,
"COL","HOUSECOST","NOMINAL","IDX2015","A","2009",60.3725836785372,
"COL","HOUSECOST","NOMINAL","IDX2015","A","2010",64.8931698364893,
"COL","HOUSECOST","NOMINAL","IDX2015","A","2011",70.1384016395138,
"COL","HOUSECOST","NOMINAL","IDX2015","A","2012",77.3838987377384,
"COL","HOUSECOST","NOMINAL","IDX2015","A","2013",84.8423496634842,
"COL","HOUSECOST","NOMINAL","IDX2015","A","2014",91.5319602841532,
"COL","HOUSECOST","NOMINAL","IDX2015","A","2015",100,
"COL","HOUSECOST","NOMINAL","IDX2015","A","2016",111.609251561161,
"COL","HOUSECOST","NOMINAL","IDX2015","A","2017",119.330345936933,
"COL","HOUSECOST","NOMINAL","IDX2015","A","2018",127.433569211207,
"EST","HOUSECOST","NOMINAL","IDX2015","A","2005",59.0130675129196,
"EST","HOUSECOST","NOMINAL","IDX2015","A","2006",88.2216684366167,
"EST","HOUSECOST","NOMINAL","IDX2015","A","2007",106.53535258299,
"EST","HOUSECOST","NOMINAL","IDX2015","A","2008",96.292213807222,
"EST","HOUSECOST","NOMINAL","IDX2015","A","2009",60.4667880795351,
"EST","HOUSECOST","NOMINAL","IDX2015","A","2010",63.9014026047927,
"EST","HOUSECOST","NOMINAL","IDX2015","A","2011",69.3233010701994,
"EST","HOUSECOST","NOMINAL","IDX2015","A","2012",74.371385673078,
"EST","HOUSECOST","NOMINAL","IDX2015","A","2013",82.2933640136722,
"EST","HOUSECOST","NOMINAL","IDX2015","A","2014",93.5796670895187,
"EST","HOUSECOST","NOMINAL","IDX2015","A","2015",100,
"EST","HOUSECOST","NOMINAL","IDX2015","A","2016",104.744560532856,
"EST","HOUSECOST","NOMINAL","IDX2015","A","2017",110.511517933289,
"EST","HOUSECOST","NOMINAL","IDX2015","A","2018",117.06604043378,
"EST","HOUSECOST","NOMINAL","IDX2015","A","2019",125.267580409852,
"IND","HOUSECOST","NOMINAL","IDX2015","A","2010",45.0953106638992,
"IND","HOUSECOST","NOMINAL","IDX2015","A","2011",53.9029170899897,
"IND","HOUSECOST","NOMINAL","IDX2015","A","2012",66.9664475874552,
"IND","HOUSECOST","NOMINAL","IDX2015","A","2013",76.6862677159972,
"IND","HOUSECOST","NOMINAL","IDX2015","A","2014",88.0318228867953,
"IND","HOUSECOST","NOMINAL","IDX2015","A","2015",100,
"IND","HOUSECOST","NOMINAL","IDX2015","A","2016",106.685743083997,
"IND","HOUSECOST","NOMINAL","IDX2015","A","2017",115.658113782651,
"IND","HOUSECOST","NOMINAL","IDX2015","A","2018",122.248249631663,
"IND","HOUSECOST","NOMINAL","IDX2015","A","2019",126.311541527014,
"IDN","HOUSECOST","NOMINAL","IDX2015","A","2002",54.5539975482796,
"IDN","HOUSECOST","NOMINAL","IDX2015","A","2003",57.7552101186633,
"IDN","HOUSECOST","NOMINAL","IDX2015","A","2004",60.0227356890035,
"IDN","HOUSECOST","NOMINAL","IDX2015","A","2005",62.5570289743836,
"IDN","HOUSECOST","NOMINAL","IDX2015","A","2006",65.7582415423638,
"IDN","HOUSECOST","NOMINAL","IDX2015","A","2007",67.2254639700839,
"IDN","HOUSECOST","NOMINAL","IDX2015","A","2008",68.826070257824,
"IDN","HOUSECOST","NOMINAL","IDX2015","A","2009",70.1599088255241,
"IDN","HOUSECOST","NOMINAL","IDX2015","A","2010",72.2940505408442,
"IDN","HOUSECOST","NOMINAL","IDX2015","A","2011",75.6286469663444,
"IDN","HOUSECOST","NOMINAL","IDX2015","A","2012",79.0105006668517,
"IDN","HOUSECOST","NOMINAL","IDX2015","A","2013",88.5181333557778,
"IDN","HOUSECOST","NOMINAL","IDX2015","A","2014",94.7301714042096,
"IDN","HOUSECOST","NOMINAL","IDX2015","A","2015",100,
"IDN","HOUSECOST","NOMINAL","IDX2015","A","2016",103.159823490474,
"IDN","HOUSECOST","NOMINAL","IDX2015","A","2017",106.415370415962,
"IDN","HOUSECOST","NOMINAL","IDX2015","A","2018",109.894959866484,
"IDN","HOUSECOST","NOMINAL","IDX2015","A","2019",111.9103899426,
"ISR","HOUSECOST","NOMINAL","IDX2015","A","2000",52.6327724585524,
"ISR","HOUSECOST","NOMINAL","IDX2015","A","2001",50.7982221386901,
"ISR","HOUSECOST","NOMINAL","IDX2015","A","2002",53.4740804534894,
"ISR","HOUSECOST","NOMINAL","IDX2015","A","2003",50.4444645962166,
"ISR","HOUSECOST","NOMINAL","IDX2015","A","2004",50.0680302937448,
"ISR","HOUSECOST","NOMINAL","IDX2015","A","2005",50.1768787637367,
"ISR","HOUSECOST","NOMINAL","IDX2015","A","2006",50.4059140987195,
"ISR","HOUSECOST","NOMINAL","IDX2015","A","2007",49.6235656887782,
"ISR","HOUSECOST","NOMINAL","IDX2015","A","2008",53.3811057159963,
"ISR","HOUSECOST","NOMINAL","IDX2015","A","2009",60.6898272004482,
"ISR","HOUSECOST","NOMINAL","IDX2015","A","2010",71.3705836946471,
"ISR","HOUSECOST","NOMINAL","IDX2015","A","2011",78.8792882515839,
"ISR","HOUSECOST","NOMINAL","IDX2015","A","2012",81.4322644963925,
"ISR","HOUSECOST","NOMINAL","IDX2015","A","2013",88.8226223333382,
"ISR","HOUSECOST","NOMINAL","IDX2015","A","2014",94.4668692379149,
"ISR","HOUSECOST","NOMINAL","IDX2015","A","2015",100,
"ISR","HOUSECOST","NOMINAL","IDX2015","A","2016",107.45838814194,
"ISR","HOUSECOST","NOMINAL","IDX2015","A","2017",111.649054366626,
"ISR","HOUSECOST","NOMINAL","IDX2015","A","2018",110.723842316696,
"ISR","HOUSECOST","NOMINAL","IDX2015","A","2019",112.733003765546,
"LVA","HOUSECOST","NOMINAL","IDX2015","A","2006",104.474999988242,
"LVA","HOUSECOST","NOMINAL","IDX2015","A","2007",142.3675,
"LVA","HOUSECOST","NOMINAL","IDX2015","A","2008",143.9425,
"LVA","HOUSECOST","NOMINAL","IDX2015","A","2009",90.2399999999999,
"LVA","HOUSECOST","NOMINAL","IDX2015","A","2010",80.3499999999999,
"LVA","HOUSECOST","NOMINAL","IDX2015","A","2011",88.7249999999999,
"LVA","HOUSECOST","NOMINAL","IDX2015","A","2012",91.3624999999999,
"LVA","HOUSECOST","NOMINAL","IDX2015","A","2013",97.6224999999998,
"LVA","HOUSECOST","NOMINAL","IDX2015","A","2014",103.475,
"LVA","HOUSECOST","NOMINAL","IDX2015","A","2015",100,
"LVA","HOUSECOST","NOMINAL","IDX2015","A","2016",108.4875,
"LVA","HOUSECOST","NOMINAL","IDX2015","A","2017",118.0125,
"LVA","HOUSECOST","NOMINAL","IDX2015","A","2018",129.3,
"LVA","HOUSECOST","NOMINAL","IDX2015","A","2019",141.045000006745,
"LTU","HOUSECOST","NOMINAL","IDX2015","A","2006",94.2474999922661,
"LTU","HOUSECOST","NOMINAL","IDX2015","A","2007",119.055,
"LTU","HOUSECOST","NOMINAL","IDX2015","A","2008",129.755,
"LTU","HOUSECOST","NOMINAL","IDX2015","A","2009",90.9224999999999,
"LTU","HOUSECOST","NOMINAL","IDX2015","A","2010",84.2024999999999,
"LTU","HOUSECOST","NOMINAL","IDX2015","A","2011",89.7649999999999,
"LTU","HOUSECOST","NOMINAL","IDX2015","A","2012",89.5574999999999,
"LTU","HOUSECOST","NOMINAL","IDX2015","A","2013",90.6449999999999,
"LTU","HOUSECOST","NOMINAL","IDX2015","A","2014",96.4699999999999,
"LTU","HOUSECOST","NOMINAL","IDX2015","A","2015",100,
"LTU","HOUSECOST","NOMINAL","IDX2015","A","2016",105.4,
"LTU","HOUSECOST","NOMINAL","IDX2015","A","2017",114.7975,
"LTU","HOUSECOST","NOMINAL","IDX2015","A","2018",123.18,
"LTU","HOUSECOST","NOMINAL","IDX2015","A","2019",131.609999998206,
"RUS","HOUSECOST","NOMINAL","IDX2015","A","2001",14.0475894236097,
"RUS","HOUSECOST","NOMINAL","IDX2015","A","2002",18.6027631498253,
"RUS","HOUSECOST","NOMINAL","IDX2015","A","2003",22.7773910178472,
"RUS","HOUSECOST","NOMINAL","IDX2015","A","2004",29.1345484411418,
"RUS","HOUSECOST","NOMINAL","IDX2015","A","2005",35.9471256469934,
"RUS","HOUSECOST","NOMINAL","IDX2015","A","2006",53.2643543141581,
"RUS","HOUSECOST","NOMINAL","IDX2015","A","2007",76.951461557119,
"RUS","HOUSECOST","NOMINAL","IDX2015","A","2008",95.7210136069651,
"RUS","HOUSECOST","NOMINAL","IDX2015","A","2009",95.1578348818947,
"RUS","HOUSECOST","NOMINAL","IDX2015","A","2010",103.077598887885,
"RUS","HOUSECOST","NOMINAL","IDX2015","A","2011",81.6288285927036,
"RUS","HOUSECOST","NOMINAL","IDX2015","A","2012",93.8940516967367,
"RUS","HOUSECOST","NOMINAL","IDX2015","A","2013",97.4674328046834,
"RUS","HOUSECOST","NOMINAL","IDX2015","A","2014",98.7848243898481,
"RUS","HOUSECOST","NOMINAL","IDX2015","A","2015",100,
"RUS","HOUSECOST","NOMINAL","IDX2015","A","2016",94.6920013543365,
"RUS","HOUSECOST","NOMINAL","IDX2015","A","2017",91.2668977714084,
"RUS","HOUSECOST","NOMINAL","IDX2015","A","2018",93.5159130066895,
"RUS","HOUSECOST","NOMINAL","IDX2015","A","2019",100.244265197485,
"SVN","HOUSECOST","NOMINAL","IDX2015","A","2007",120.845000008118,
"SVN","HOUSECOST","NOMINAL","IDX2015","A","2008",129.3075,
"SVN","HOUSECOST","NOMINAL","IDX2015","A","2009",117.055,
"SVN","HOUSECOST","NOMINAL","IDX2015","A","2010",117.205,
"SVN","HOUSECOST","NOMINAL","IDX2015","A","2011",120.385,
"SVN","HOUSECOST","NOMINAL","IDX2015","A","2012",112.09,
"SVN","HOUSECOST","NOMINAL","IDX2015","A","2013",106.21,
"SVN","HOUSECOST","NOMINAL","IDX2015","A","2014",99.2024999999999,
"SVN","HOUSECOST","NOMINAL","IDX2015","A","2015",100,
"SVN","HOUSECOST","NOMINAL","IDX2015","A","2016",103.2525,
"SVN","HOUSECOST","NOMINAL","IDX2015","A","2017",111.5625,
"SVN","HOUSECOST","NOMINAL","IDX2015","A","2018",122.4625,
"SVN","HOUSECOST","NOMINAL","IDX2015","A","2019",130.95249999589,
"ZAF","HOUSECOST","NOMINAL","IDX2015","A","2000",21.2680977076506,
"ZAF","HOUSECOST","NOMINAL","IDX2015","A","2001",23.9541832632034,
"ZAF","HOUSECOST","NOMINAL","IDX2015","A","2002",27.1529267529635,
"ZAF","HOUSECOST","NOMINAL","IDX2015","A","2003",32.412657062569,
"ZAF","HOUSECOST","NOMINAL","IDX2015","A","2004",43.3630861142478,
"ZAF","HOUSECOST","NOMINAL","IDX2015","A","2005",55.8017928233149,
"ZAF","HOUSECOST","NOMINAL","IDX2015","A","2006",65.106880165117,
"ZAF","HOUSECOST","NOMINAL","IDX2015","A","2007",74.4962457819128,
"ZAF","HOUSECOST","NOMINAL","IDX2015","A","2008",73.7530646594685,
"ZAF","HOUSECOST","NOMINAL","IDX2015","A","2009",72.5789151045566,
"ZAF","HOUSECOST","NOMINAL","IDX2015","A","2010",75.7355194543198,
"ZAF","HOUSECOST","NOMINAL","IDX2015","A","2011",78.1374501941397,
"ZAF","HOUSECOST","NOMINAL","IDX2015","A","2012",82.1502451663387,
"ZAF","HOUSECOST","NOMINAL","IDX2015","A","2013",87.4387067059421,
"ZAF","HOUSECOST","NOMINAL","IDX2015","A","2014",94.1618142729379,
"ZAF","HOUSECOST","NOMINAL","IDX2015","A","2015",100,
"ZAF","HOUSECOST","NOMINAL","IDX2015","A","2016",105.591097142081,
"ZAF","HOUSECOST","NOMINAL","IDX2015","A","2017",110.105730891742,
"ZAF","HOUSECOST","NOMINAL","IDX2015","A","2018",114.275589941429,
"ZAF","HOUSECOST","NOMINAL","IDX2015","A","2019",118.336270266125,
"EA","HOUSECOST","NOMINAL","IDX2015","A","2000",67.743521493794,
"EA","HOUSECOST","NOMINAL","IDX2015","A","2001",71.1277017926136,
"EA","HOUSECOST","NOMINAL","IDX2015","A","2002",75.7488460139155,
"EA","HOUSECOST","NOMINAL","IDX2015","A","2003",80.1775250962257,
"EA","HOUSECOST","NOMINAL","IDX2015","A","2004",85.4541090272687,
"EA","HOUSECOST","NOMINAL","IDX2015","A","2005",91.3875000000001,
"EA","HOUSECOST","NOMINAL","IDX2015","A","2006",97.8525000000002,
"EA","HOUSECOST","NOMINAL","IDX2015","A","2007",102.3825,
"EA","HOUSECOST","NOMINAL","IDX2015","A","2008",103.7925,
"EA","HOUSECOST","NOMINAL","IDX2015","A","2009",100.4225,
"EA","HOUSECOST","NOMINAL","IDX2015","A","2010",101.345,
"EA","HOUSECOST","NOMINAL","IDX2015","A","2011",102.4925,
"EA","HOUSECOST","NOMINAL","IDX2015","A","2012",100.2925,
"EA","HOUSECOST","NOMINAL","IDX2015","A","2013",98.2350000000001,
"EA","HOUSECOST","NOMINAL","IDX2015","A","2014",98.4625000000001,
"EA","HOUSECOST","NOMINAL","IDX2015","A","2015",100,
"EA","HOUSECOST","NOMINAL","IDX2015","A","2016",104.01,
"EA","HOUSECOST","NOMINAL","IDX2015","A","2017",108.51,
"EA","HOUSECOST","NOMINAL","IDX2015","A","2018",113.6575,
"EA","HOUSECOST","NOMINAL","IDX2015","A","2019",118.424999999332,
"EA17","HOUSECOST","NOMINAL","IDX2015","A","2000",66.1520920627723,
"EA17","HOUSECOST","NOMINAL","IDX2015","A","2001",69.9752836562317,
"EA17","HOUSECOST","NOMINAL","IDX2015","A","2002",74.3820574933124,
"EA17","HOUSECOST","NOMINAL","IDX2015","A","2003",80.0692281636188,
"EA17","HOUSECOST","NOMINAL","IDX2015","A","2004",85.9450585366927,
"EA17","HOUSECOST","NOMINAL","IDX2015","A","2005",92.849031710305,
"EA17","HOUSECOST","NOMINAL","IDX2015","A","2006",99.3014280427468,
"EA17","HOUSECOST","NOMINAL","IDX2015","A","2007",103.8177235407,
"EA17","HOUSECOST","NOMINAL","IDX2015","A","2008",104.843696899911,
"EA17","HOUSECOST","NOMINAL","IDX2015","A","2009",100.752078192823,
"EA17","HOUSECOST","NOMINAL","IDX2015","A","2010",101.661308761823,
"EA17","HOUSECOST","NOMINAL","IDX2015","A","2011",102.827244654814,
"EA17","HOUSECOST","NOMINAL","IDX2015","A","2012",100.535599399432,
"EA17","HOUSECOST","NOMINAL","IDX2015","A","2013",98.412744354952,
"EA17","HOUSECOST","NOMINAL","IDX2015","A","2014",98.5702425020224,
"EA17","HOUSECOST","NOMINAL","IDX2015","A","2015",100,
"EA17","HOUSECOST","NOMINAL","IDX2015","A","2016",103.992190065579,
"EA17","HOUSECOST","NOMINAL","IDX2015","A","2017",108.438059896318,
"EA17","HOUSECOST","NOMINAL","IDX2015","A","2018",113.584558061095,
"EA17","HOUSECOST","NOMINAL","IDX2015","A","2019",118.336671593757,
"OECD","HOUSECOST","NOMINAL","IDX2015","A","2000",63.2708907397897,
"OECD","HOUSECOST","NOMINAL","IDX2015","A","2001",66.3913907892728,
"OECD","HOUSECOST","NOMINAL","IDX2015","A","2002",70.4658355007598,
"OECD","HOUSECOST","NOMINAL","IDX2015","A","2003",74.9516347958575,
"OECD","HOUSECOST","NOMINAL","IDX2015","A","2004",79.7952106233047,
"OECD","HOUSECOST","NOMINAL","IDX2015","A","2005",85.2905180718296,
"OECD","HOUSECOST","NOMINAL","IDX2015","A","2006",90.2035540010489,
"OECD","HOUSECOST","NOMINAL","IDX2015","A","2007",93.3091080700899,
"OECD","HOUSECOST","NOMINAL","IDX2015","A","2008",91.5520888088193,
"OECD","HOUSECOST","NOMINAL","IDX2015","A","2009",87.8850803326791,
"OECD","HOUSECOST","NOMINAL","IDX2015","A","2010",88.572081520059,
"OECD","HOUSECOST","NOMINAL","IDX2015","A","2011",88.4127172979724,
"OECD","HOUSECOST","NOMINAL","IDX2015","A","2012",89.3585594369855,
"OECD","HOUSECOST","NOMINAL","IDX2015","A","2013",92.1141218552962,
"OECD","HOUSECOST","NOMINAL","IDX2015","A","2014",95.5567865792422,
"OECD","HOUSECOST","NOMINAL","IDX2015","A","2015",100,
"OECD","HOUSECOST","NOMINAL","IDX2015","A","2016",105.397177134457,
"OECD","HOUSECOST","NOMINAL","IDX2015","A","2017",111.269177863795,
"OECD","HOUSECOST","NOMINAL","IDX2015","A","2018",116.873845234601,
"OECD","HOUSECOST","NOMINAL","IDX2015","A","2019",121.60248467339,
"BGR","HOUSECOST","NOMINAL","IDX2015","A","2005",80.0850000038405,
"BGR","HOUSECOST","NOMINAL","IDX2015","A","2006",91.8575000000001,
"BGR","HOUSECOST","NOMINAL","IDX2015","A","2007",118.42,
"BGR","HOUSECOST","NOMINAL","IDX2015","A","2008",147.9725,
"BGR","HOUSECOST","NOMINAL","IDX2015","A","2009",117.785,
"BGR","HOUSECOST","NOMINAL","IDX2015","A","2010",105.8075,
"BGR","HOUSECOST","NOMINAL","IDX2015","A","2011",99.9750000000002,
"BGR","HOUSECOST","NOMINAL","IDX2015","A","2012",98.0725000000001,
"BGR","HOUSECOST","NOMINAL","IDX2015","A","2013",95.9150000000001,
"BGR","HOUSECOST","NOMINAL","IDX2015","A","2014",97.2900000000002,
"BGR","HOUSECOST","NOMINAL","IDX2015","A","2015",100,
"BGR","HOUSECOST","NOMINAL","IDX2015","A","2016",107.02,
"BGR","HOUSECOST","NOMINAL","IDX2015","A","2017",116.295,
"BGR","HOUSECOST","NOMINAL","IDX2015","A","2018",123.955,
"BGR","HOUSECOST","NOMINAL","IDX2015","A","2019",131.417499999541,
"ROU","HOUSECOST","NOMINAL","IDX2015","A","2009",129.277499996604,
"ROU","HOUSECOST","NOMINAL","IDX2015","A","2010",119.5425,
"ROU","HOUSECOST","NOMINAL","IDX2015","A","2011",104.8275,
"ROU","HOUSECOST","NOMINAL","IDX2015","A","2012",99.51,
"ROU","HOUSECOST","NOMINAL","IDX2015","A","2013",99.2600000000001,
"ROU","HOUSECOST","NOMINAL","IDX2015","A","2014",97.22,
"ROU","HOUSECOST","NOMINAL","IDX2015","A","2015",100,
"ROU","HOUSECOST","NOMINAL","IDX2015","A","2016",105.95,
"ROU","HOUSECOST","NOMINAL","IDX2015","A","2017",112.355,
"ROU","HOUSECOST","NOMINAL","IDX2015","A","2018",118.6175,
"ROU","HOUSECOST","NOMINAL","IDX2015","A","2019",122.689999994592,
"SAU","HOUSECOST","NOMINAL","IDX2015","A","2014",101.189271263334,
"SAU","HOUSECOST","NOMINAL","IDX2015","A","2015",100,
"SAU","HOUSECOST","NOMINAL","IDX2015","A","2016",95.0910931222545,
"SAU","HOUSECOST","NOMINAL","IDX2015","A","2017",88.9676113394484,
"SAU","HOUSECOST","NOMINAL","IDX2015","A","2018",86.4625506118231,
"SAU","HOUSECOST","NOMINAL","IDX2015","A","2019",83.5020242948852,
